               epoch,      train/box_loss,      train/obj_loss,      train/cls_loss,   metrics/precision,      metrics/recall,     metrics/mAP_0.5,metrics/mAP_0.5:0.95,        val/box_loss,        val/obj_loss,        val/cls_loss,               x/lr0,               x/lr1,               x/lr2,   metrics/knife_mAP,  metrics/pistol_mAP,metrics/knife_mAP_50,metrics/pistol_mAP_50
                   0,            0.089935,            0.022727,            0.010491,             0.13903,             0.13478,            0.067979,            0.021725,            0.057848,            0.010716,           0.0021184,            0.070051,           0.0033277,           0.0033277,            0.021725,            0.021725,            0.067979,            0.067979
                   1,            0.062902,            0.020832,           0.0014131,             0.38175,             0.38602,             0.33109,             0.12112,            0.047454,            0.008878,          0.00060907,            0.037853,           0.0044629,           0.0044629,             0.12112,             0.12112,             0.33109,             0.33109
                   2,            0.054654,            0.019888,          0.00076201,             0.55442,             0.48918,             0.50581,             0.20057,            0.039893,           0.0077808,          0.00034189,           0.0034545,           0.0033981,           0.0033981,             0.20057,             0.20057,             0.50581,             0.50581
